
INSERT INTO Estudiant (DNI,nom,ciutat,data_naixement) VALUES ('69275163Z','Joan','Lleida','1990-02-21');
INSERT INTO Estudiant (DNI,nom,ciutat,data_naixement) VALUES ('32064779L','Abel','Lleida','1992-01-22');
INSERT INTO Estudiant (DNI,nom,ciutat,data_naixement) VALUES ('07250123V','Teresa','Barcelona','1992-06-23');
INSERT INTO Estudiant (DNI,nom,ciutat,data_naixement) VALUES ('15074903J','Marta','Lleida','1995-02-06');
INSERT INTO Estudiant (DNI,nom,ciutat,data_naixement) VALUES ('12345678A','Juli','Manresa','2000-09-17');
INSERT INTO Estudiant (DNI,nom,ciutat,data_naixement) VALUES ('64864876T','Montse','Lleida','2000-10-09');
INSERT INTO Estudiant (DNI,nom,ciutat,data_naixement) VALUES ('79109713V','Ferran','Mataro','1996-06-16');
INSERT INTO Estudiant (DNI,nom,ciutat,data_naixement) VALUES ('62726152T','Sergi','Lleida','2000-03-09');
INSERT INTO Estudiant (DNI,nom,ciutat,data_naixement) VALUES ('23413352L','Alex','Manresa','1995-10-12');
INSERT INTO Estudiant (DNI,nom,ciutat,data_naixement) VALUES ('65933273R','Laura','Barcelona','2001-01-16');

INSERT INTO Estudiant (DNI,nom,ciutat,data_naixement) VALUES ('61771999W','Gemma','Barcelona','2000-05-22');
INSERT INTO Estudiant (DNI,nom,ciutat,data_naixement) VALUES ('58066920Q','Marc','Barcelona','1992-03-28');
INSERT INTO Estudiant (DNI,nom,ciutat,data_naixement) VALUES ('35747752W','Pol','Lleida','1999-07-29');
INSERT INTO Estudiant (DNI,nom,ciutat,data_naixement) VALUES ('41671410X','Emma','Barcelona','1991-07-24');
INSERT INTO Estudiant (DNI,nom,ciutat,data_naixement) VALUES ('44598822M','Anna','Barcelona','1999-09-27');
INSERT INTO Estudiant (DNI,nom,ciutat,data_naixement) VALUES ('03300207Y','Eric','Lleida','1998-08-12');
INSERT INTO Estudiant (DNI,nom,ciutat,data_naixement) VALUES ('50696410V','Paula','Barcelona','1999-03-12');
INSERT INTO Estudiant (DNI,nom,ciutat,data_naixement) VALUES ('18657972G','Marti','Barcelona','2000-12-11');

INSERT INTO Estudiant (DNI,nom,ciutat,data_naixement) VALUES ('45544003R','Erec','Barcelona','1995-11-20');
INSERT INTO Estudiant (DNI,nom,ciutat,data_naixement) VALUES ('72523380X','Elena','Lleida','1998-02-01');
INSERT INTO Estudiant (DNI,nom,ciutat,data_naixement) VALUES ('64506953A','Elisabet','Manresa','2001-02-20');
INSERT INTO Estudiant (DNI,nom,ciutat,data_naixement) VALUES ('07058714Z','Estel','Manresa','1990-01-22');

INSERT INTO Assignatura (nom,departament) VALUES ('Matematica','Matemàtica');
INSERT INTO Assignatura (nom,departament) VALUES ('EDALG','Sistemes Informatics');
INSERT INTO Assignatura (nom,departament) VALUES ('Bases de Dades','Sistemes Informatics');
INSERT INTO Assignatura (nom,departament) VALUES ('EDI','Administració Empreses');
INSERT INTO Assignatura (nom,departament) VALUES ('LABOSOFT','Sistemes Informatics');
INSERT INTO Assignatura (nom,departament) VALUES ('TC','Medi Ambient i Ciencies del Sol');

INSERT INTO Text (ISBN,titol,editorial,autor) VALUES ('0962532568','The Grinch Who Stole Valentines','RBA‎','Rutendo Silvanus');
INSERT INTO Text (ISBN,titol,editorial,autor) VALUES ('0795806396','Case of the Singing Monkey','ArtScroll','Milena Lamia');
INSERT INTO Text (ISBN,titol,editorial,autor) VALUES ('0622470523','Metal Gun','Adis International‎','Delta Arthur');
INSERT INTO Text (ISBN,titol,editorial,autor) VALUES ('0795151748','Baby Doll','RBA‎','Evangelia Tammi');
INSERT INTO Text (ISBN,titol,editorial,autor) VALUES ('0669837997','Drown the Fury','Alyson Books','Gunnhildr Anderson');
INSERT INTO Text (ISBN,titol,editorial,autor) VALUES ('0121145484','The Dance of the Earth','ArtScroll','Raquel Hasan');

INSERT INTO Matricula VALUES (1,1,10);
INSERT INTO Matricula VALUES (1,2,8);
INSERT INTO Matricula VALUES (1,4,10);
INSERT INTO Matricula VALUES (2,1,8);
INSERT INTO Matricula VALUES (2,2,3);
INSERT INTO Matricula VALUES (3,1,4);
INSERT INTO Matricula VALUES (3,2,3);
INSERT INTO Matricula VALUES (3,6,4);
INSERT INTO Matricula VALUES (4,1,10);
INSERT INTO Matricula VALUES (4,2,8);
INSERT INTO Matricula VALUES (4,3,3);
INSERT INTO Matricula VALUES (4,5,10);
INSERT INTO Matricula VALUES (4,6,9);
INSERT INTO Matricula VALUES (5,1,10);
INSERT INTO Matricula VALUES (5,2,9);
INSERT INTO Matricula VALUES (5,3,6);
INSERT INTO Matricula VALUES (5,5,7);
INSERT INTO Matricula VALUES (6,1,8);
INSERT INTO Matricula VALUES (6,2,8);
INSERT INTO Matricula VALUES (6,5,3);
INSERT INTO Matricula VALUES (7,1,6);
INSERT INTO Matricula VALUES (7,4,4);
INSERT INTO Matricula VALUES (7,3,8);
INSERT INTO Matricula VALUES (7,2,7);
INSERT INTO Matricula VALUES (8,6,7);
INSERT INTO Matricula VALUES (8,3,2);
INSERT INTO Matricula VALUES (8,1,5);
INSERT INTO Matricula VALUES (8,2,4);
INSERT INTO Matricula VALUES (9,5,9);
INSERT INTO Matricula VALUES (9,6,7);
INSERT INTO Matricula VALUES (9,4,10);
INSERT INTO Matricula VALUES (10,5,6);
INSERT INTO Matricula VALUES (10,1,5);
INSERT INTO Matricula VALUES (10,4,7);

INSERT INTO Matricula VALUES (11,3,7);
INSERT INTO Matricula VALUES (12,3,6);
INSERT INTO Matricula VALUES (13,3,5);
INSERT INTO Matricula VALUES (14,3,4);
INSERT INTO Matricula VALUES (15,3,3);
INSERT INTO Matricula VALUES (16,3,10);
INSERT INTO Matricula VALUES (17,3,4);
INSERT INTO Matricula VALUES (18,3,8);


INSERT INTO Matricula VALUES (19,3,7);
INSERT INTO Matricula VALUES (20,3,8);
INSERT INTO Matricula VALUES (21,3,4);
INSERT INTO Matricula VALUES (22,3,6);



INSERT INTO Utilitzat VALUES (1,'0962532568');
INSERT INTO Utilitzat VALUES (1,'0795806396');
INSERT INTO Utilitzat VALUES (2,'0622470523');
INSERT INTO Utilitzat VALUES (2,'0795151748');
INSERT INTO Utilitzat VALUES (2,'0962532568');
INSERT INTO Utilitzat VALUES (3,'0121145484');
INSERT INTO Utilitzat VALUES (3,'0622470523');
INSERT INTO Utilitzat VALUES (4,'0669837997');
INSERT INTO Utilitzat VALUES (5,'0962532568');
INSERT INTO Utilitzat VALUES (5,'0795151748');
INSERT INTO Utilitzat VALUES (6,'0669837997');
INSERT INTO Utilitzat VALUES (6,'0121145484');



